El Maderal-Fuentesauco;ZAMORA;VACL-014;Zamora - Salamanca, S.A.;Prestación Conjunta
Valleluengo-Camarzana;ZAMORA;VACL-137;Autocares Julio Fernández, S.L.;Prestación Conjunta
Pozoantiguo - Zamora;ZAMORA;VACL-136;Autocares Posadas, S.L.;Prestación Conjunta
Tábara - Zamora;ZAMORA;VACL-144;Empresa Vaquero, S.L.;Prestación Conjunta
Calabor - Puebla De Sanabria;ZAMORA;VACL-150;Autos Álvarez de Viajeros, S.L.;Prestación Conjunta
Fornillos De Fermosellle - Bermillo De Sayago;ZAMORA;VACL-090;Herederos de A. Tamame, S.A.;Prestación Conjunta
Fuentesecas-Toro;ZAMORA;VACL-136;Autocares Posadas, S.L.;Prestación Conjunta
Piedrahita De Campos - Villarrín De Campos;ZAMORA;VACL-140;Castaño e Hijos, S.L.;Prestación Conjunta
Bamba Zamora;ZAMORA;VACL-143;Herederos de A. Tamame, S.A.;Prestación Conjunta
Villalazán - Moraleja Del Vino;ZAMORA;VACL-064;Herederos de A. Tamame, S.A.;Prestación Conjunta
Morales Del Vino-Zamora;ZAMORA;VACL-014;Zamora - Salamanca, S.A.;Prestación Conjunta
Villela - Villadiego;BURGOS;AECL-013;Negrete Bus, S.L.;Regular
San Miguel - Villadiego;BURGOS;AECL-013;Negrete Bus, S.L.;Regular
Villusto - Villadiego;BURGOS;AECL-013;Negrete Bus, S.L.;Regular
Castrecias - Villadiego;BURGOS;AECL-013;Negrete Bus, S.L.;Regular
Bustillo Del Páramo - Villadiego, Por Fuencivil;BURGOS;AECL-013;Negrete Bus, S.L.;Regular
Tórtoles De Esgueva - Peral De Arlanza - Burgos;BURGOS;VACL-004;Autobuses de Castilla, S.L.;Regular
Tórtoles De Esgueva - Burgos;BURGOS;VACL-004;Autobuses de Castilla, S.L.;Regular
Santa María Del Campo - Burgos;BURGOS;VACL-004;Autobuses de Castilla, S.L.;Regular
Burgos - Tordomar;BURGOS;VACL-004;Autobuses de Castilla, S.L.;Regular
Arenillas De Ríopisuerga - Burgos;BURGOS;VACL-004;Autobuses de Castilla, S.L.;Regular
Los Balbases - Burgos;BURGOS;VACL-004;Autobuses de Castilla, S.L.;Regular
Caleruega - Burgos;BURGOS;VACL-007;Autocares Arceredillo, S.L.;Regular
Santillán Del Agua - Burgos, Por Covarrubias;BURGOS;VACL-007;Autocares Arceredillo, S.L.;Regular
Cuevas De San Clemente - Lerma;BURGOS;VACL-007;Autocares Arceredillo, S.L.;Regular
Jaramillo De La Fuente - Burgos;BURGOS;VACL-010;Autocares Arceredillo, S.L.;Regular
Burgos - Salas De Bureba, Por Poza De La Sal, Llanos De Bureba, Rojas;BURGOS;VACL-015;Automóviles Soto y Alonso, S.L.;Regular
Burgos - Salas De Bureba, Por Poza De La Sal, Lences, Rublacedo, Rojas;BURGOS;VACL-015;Automóviles Soto y Alonso, S.L.;Regular
Burgos - Frías, Por Trespaderne, Oña Y Briviesca;BURGOS;VACL-015;Automóviles Soto y Alonso, S.L.;Regular
Burgos - Trespaderne;BURGOS;VACL-015;Automóviles Soto y Alonso, S.L.;Regular
Miranda De Ebro - Burgos, Por Briviesca;BURGOS;VACL-015;Automóviles Soto y Alonso, S.L.;Regular
Burgos - Miranda De Ebro, Por Autopista;BURGOS;VACL-015;Automóviles Soto y Alonso, S.L.;Regular
Salas De Bureba - Burgos, Por Solduengo;BURGOS;VACL-015;Automóviles Soto y Alonso, S.L.;Regular
Burgos - Briviesca;BURGOS;VACL-015;Automóviles Soto y Alonso, S.L.;Regular
Cervera De Pisuerga - Burgos;BURGOS;VACL-019;Autobuses del Pisuerga, S.L.;Regular
Abajas Briviesca;BURGOS;VACL-015;Automóviles Soto y Alonso, S.L.;Demanda
Alcocero De Mola - Briviesca;BURGOS;VACL-015;Automóviles Soto y Alonso, S.L.;Demanda
Carrias - Briviesca;BURGOS;VACL-015;Automóviles Soto y Alonso, S.L.;Demanda
Cereceda Briviesca;BURGOS;VACL-015;Automóviles Soto y Alonso, S.L.;Demanda
Cereceda - Oña;BURGOS;VACL-015;Automóviles Soto y Alonso, S.L.;Demanda
Galbarros - Briviesca;BURGOS;VACL-015;Automóviles Soto y Alonso, S.L.;Demanda
Miraveche - Briviesca;BURGOS;VACL-015;Automóviles Soto y Alonso, S.L.;Demanda
Ojeda - Briviesca;BURGOS;VACL-015;Automóviles Soto y Alonso, S.L.;Demanda
Ojeda - Oña;BURGOS;VACL-015;Automóviles Soto y Alonso, S.L.;Demanda
Penches - Oña;BURGOS;VACL-015;Automóviles Soto y Alonso, S.L.;Demanda
Quintanilla San-García - Briviesca;BURGOS;VACL-015;Automóviles Soto y Alonso, S.L.;Demanda
Quintanilla San-García - Briviesca (MYJ);BURGOS;VACL-015;Automóviles Soto y Alonso, S.L.;Demanda
Rucandio - Oña;BURGOS;VACL-015;Automóviles Soto y Alonso, S.L.;Demanda
Salas De Bureba - Briviesca;BURGOS;VACL-015;Automóviles Soto y Alonso, S.L.;Demanda
Santa Olalla De Bureba Briviesca;BURGOS;VACL-015;Automóviles Soto y Alonso, S.L.;Demanda
Silanes - Briviesca;BURGOS;VACL-015;Automóviles Soto y Alonso, S.L.;Demanda
Vallarta De Bureba - Briviesca;BURGOS;VACL-015;Automóviles Soto y Alonso, S.L.;Demanda
Caborredondo - Burgos;BURGOS;VACL-015;Automóviles Soto y Alonso, S.L.;Demanda
La Nuez De Arriba - Burgos;BURGOS;VACL-019;Autobuses del Pisuerga, S.L.;Demanda
Las Rebolledas - Burgos;BURGOS;VACL-019;Autobuses del Pisuerga, S.L.;Demanda
Los Tremellos - Burgos;BURGOS;VACL-019;Autobuses del Pisuerga, S.L.;Demanda
Melgosa - Burgos;BURGOS;VACL-015;Automóviles Soto y Alonso, S.L.;Demanda
Villaescusa La Solana - Burgos;BURGOS;VACL-015;Automóviles Soto y Alonso, S.L.;Demanda
Villagonzalo-Arenas - Burgos;BURGOS;VACL-019;Autobuses del Pisuerga, S.L.;Demanda
Villalval - Burgos;BURGOS;VACL-015;Automóviles Soto y Alonso, S.L.;Demanda
Onamio Ponferrada;LEÓN;AECL-033;Javier González López;Regular
Aira Da Pedra - Villafranca Del Bierzo;LEÓN;AECL-034;Antonio García Campelo;Regular
Tejeira - Villafranca Del Bierzo, Por Landoiro;LEÓN;AECL-034;Antonio García Campelo;Regular
Ponferrada - Molinaseca;LEÓN;VACL-017;Autos Pelines, S.A.;Regular
Ponferrada - Villar De Los Barrios;LEÓN;VACL-017;Autos Pelines, S.A.;Regular
Burgos - León;LEÓN;VACL-027;Autocares Castilla y León, S.A.U.;Regular
León Zamora;LEÓN;VACL-030;Hermanos Vivas Santander, S.A.;Regular
León - Zamora (Directo);LEÓN;VACL-030;Hermanos Vivas Santander, S.A.;Regular
León - Zamora Por Todas Localidades;LEÓN;VACL-030;Hermanos Vivas Santander, S.A.;Regular
Ponferrada - Cabrillanes;LEÓN;VACL-039;Autocares Castilla y León, S.A.U.;Regular
Villablino - Ponferrada;LEÓN;VACL-039;Autocares Castilla y León, S.A.U.;Regular
Brañuelas - Astorga;LEÓN;VACL-081;Blas Fernández, S.L.;Regular
Porqueros - Astorga;LEÓN;VACL-081;Blas Fernández, S.L.;Regular
Donillas - Astorga;LEÓN;VACL-081;Blas Fernández, S.L.;Regular
Argañoso - Brazuelo;LEÓN;VACL-082;Blas Fernández, S.L.;Regular
Pobladura De La Sierra - Molinaferrera - Astorga;LEÓN;VACL-082;Blas Fernández, S.L.;Regular
Molinaferrera - Astorga;LEÓN;VACL-082;Blas Fernández, S.L.;Regular
Argañoso - Astorga;LEÓN;VACL-082;Blas Fernández, S.L.;Regular
Andiñuela - Astorga;LEÓN;VACL-082;Blas Fernández, S.L.;Regular
Foncebadón - Rabanal - Astorga;LEÓN;VACL-082;Blas Fernández, S.L.;Regular
Laguna De Negrillos - La Bañeza;LEÓN;VACL-083;Autocares Franco, S.L.;Regular
La Bañeza - Huerga De Frailes;LEÓN;VACL-084;Autocares Franco, S.L.;Regular
León - Bustillo Del Páramo;LEÓN;VACL-085;Autocares Franco, S.L.;Regular
Laguna De Negrillos - Valencia De Don Juan;LEÓN;VACL-086;Autocares Franco, S.L.;Regular
Valdesandinas - León;LEÓN;VACL-085;Autocares Franco, S.L.;Regular
Brañuelas - Astorga;LEÓN;VACL-081;Blas Fernández, S.L.;Demanda
Castrillo De La Valduerna - Astorga;LEÓN;VACL-080;Blas Fernández, S.L.;Demanda
Escuredo - Astorga;LEÓN;VACL-081;Blas Fernández, S.L.;Demanda
Filiel - Astorga;LEÓN;VACL-080;Blas Fernández, S.L.;Demanda
Morriondo - Astorga;LEÓN;VACL-081;Blas Fernández, S.L.;Demanda
Piedras - Astorga;LEÓN;VACL-082;Blas Fernández, S.L.;Demanda
Requejo - Astorga (Martes);LEÓN;VACL-081;Blas Fernández, S.L.;Demanda
Requejo - Astorga (Miércoles);LEÓN;VACL-081;Blas Fernández, S.L.;Demanda
Val De San Román - Astorga (Martes);LEÓN;VACL-080;Blas Fernández, S.L.;Demanda
Val De San Román - Astorga (Miércoles);LEÓN;VACL-080;Blas Fernández, S.L.;Demanda
Villar - Astorga;LEÓN;VACL-082;Blas Fernández, S.L.;Demanda
Bouzas - Ponferrada;LEÓN;VACL-017;Autos Pelines, S.A.;Demanda
Palacios De Compludo - Ponferrada;LEÓN;VACL-017;Autos Pelines, S.A.;Demanda
Paradasolana - Ponferrada;LEÓN;VACL-017;Autos Pelines, S.A.;Demanda
Peñalba De Santiago - Ponferrada;LEÓN;VACL-017;Autos Pelines, S.A.;Demanda
Ponferrada - Peñalba De Santiago (Miércoles);LEÓN;VACL-017;Autos Pelines, S.A.;Demanda
Tejeira - Villafranca Del Bierzo;LEÓN;AECL-034;Antonio García Campelo;Demanda
Andiñuela Santa Colomba De Somoza;LEÓN;VACL-082;Blas Fernández, S.L.;Demanda
Argañoso - Brazuelo;LEÓN;VACL-082;Blas Fernández, S.L.;Demanda
La Maluenga - Rabanal Del Camino;LEÓN;VACL-082;Blas Fernández, S.L.;Demanda
San Martín - Santa Colomba De Somoza;LEÓN;VACL-082;Blas Fernández, S.L.;Demanda
Villar - Santa Colomba De Somoza;LEÓN;VACL-082;Blas Fernández, S.L.;Demanda
Villamorico - Santa María Del Páramo;LEÓN;VACL-083;Autocares Franco, S.L.;Demanda
Salentinos - Toreno;LEÓN;VACL-039;Autocares Castilla y León, S.A.U.;Demanda
Villamartín Del Sil - Estación De Páramo;LEÓN;VACL-039;Autocares Castilla y León, S.A.U.;Demanda
Villarrabines - Valencia De Don Juan;LEÓN;VACL-086;Autocares Franco, S.L.;Demanda
Prado - Villafranca Del Bierzo;LEÓN;AECL-034;Antonio García Campelo;Demanda
Navales - Alba De Tormes;SALAMANCA;AECL-062;Florentino García Arroyo;Regular
Vitigudino - Lumbrales;SALAMANCA;AECL-063;Empresa de Automóviles El Pilar, S.A.;Regular
Gallegos De Solmirón - Guijuelo;SALAMANCA;AECL-065;Cespedosa Bus, S.L.;Regular
La Tala - Guijuelo;SALAMANCA;AECL-065;Cespedosa Bus, S.L.;Regular
Boada - Vitigudino;SALAMANCA;AECL-066;Autocares Hermanos Martin Martín, S.L.;Regular
Fuentesaúco - Salamanca;SALAMANCA;VACL-026;Autobuses Urbanos de Ponferrada, S.A. (AUPSA);Regular
Candelario - Béjar;SALAMANCA;VACL-026;Autobuses Urbanos de Ponferrada, S.A. (AUPSA);Regular
Béjar - Salamanca;SALAMANCA;VACL-026;Autobuses Urbanos de Ponferrada, S.A. (AUPSA);Regular
Béjar - Salamanca, Por Ledrada;SALAMANCA;VACL-026;Autobuses Urbanos de Ponferrada, S.A. (AUPSA);Regular
Béjar - Salamanca, Por Sorihuela;SALAMANCA;VACL-026;Autobuses Urbanos de Ponferrada, S.A. (AUPSA);Regular
Miranda De Azán - Salamanca;SALAMANCA;VACL-026;Autobuses Urbanos de Ponferrada, S.A. (AUPSA);Regular
Galleguillos - Macotera;SALAMANCA;VACL-026;Autobuses Urbanos de Ponferrada, S.A. (AUPSA);Regular
Alaraz - Salamanca;SALAMANCA;VACL-026;Autobuses Urbanos de Ponferrada, S.A. (AUPSA);Regular
Macotera Salamanca;SALAMANCA;VACL-026;Autobuses Urbanos de Ponferrada, S.A. (AUPSA);Regular
Salamanca - Villaflores, Por Peñaranda;SALAMANCA;VACL-026;Autobuses Urbanos de Ponferrada, S.A. (AUPSA);Regular
Peñaranda De Bracamonte - Salamanca, Por Cruce De Pelabravo;SALAMANCA;VACL-026;Autobuses Urbanos de Ponferrada, S.A. (AUPSA);Regular
Villoria Cordovilla;SALAMANCA;VACL-026;Autobuses Urbanos de Ponferrada, S.A. (AUPSA);Regular
Salamanca - Béjar (Directo);SALAMANCA;VACL-026;Autobuses Urbanos de Ponferrada, S.A. (AUPSA);Regular
Cantalapiedra - Salamanca;SALAMANCA;VACL-026;Autobuses Urbanos de Ponferrada, S.A. (AUPSA);Regular
Ledesma - Salamanca;SALAMANCA;VACL-026;Autobuses Urbanos de Ponferrada, S.A. (AUPSA);Regular
El Payo - Ciudad Rodrigo;SALAMANCA;VACL-027;Autocares Castilla y León, S.A.U.;Regular
Salamanca - Villares De Yeltes;SALAMANCA;VACL-028;Autocares Hermanos Martín Martín, S.L.;Regular
Ardonsillero - La Fuente De San Esteban;SALAMANCA;VACL-028;Autocares Hermanos Martín Martín, S.L.;Regular
Aldehuela De La Bóveda La Fuente De San Esteban;SALAMANCA;VACL-028;Autocares Hermanos Martín Martín, S.L.;Regular
El Barco De Ávila - Béjar;SALAMANCA;VACL-044;Compañía Europea de Viajeros España, S.A. (Cevesa);Regular
El Barco De Ávila - Candelario;SALAMANCA;VACL-044;Compañía Europea de Viajeros España, S.A. (Cevesa);Regular
La Hoya - Béjar;SALAMANCA;VACL-044;Compañía Europea de Viajeros España, S.A. (Cevesa);Regular
Pelayos - Guijuelo;SALAMANCA;AECL-067;Cespedosa Bus, S.L.;Regular
Cantalapiedra - Salamanca, Por Calvarrasa De Abajo;SALAMANCA;VACL-026;Autobuses Urbanos de Ponferrada, S.A. (AUPSA);Regular
Béjar - La Hoya;SALAMANCA;VACL-044;Compañía Europea de Viajeros España, S.A. (Cevesa);Demanda
Guijuelo - Béjar;SALAMANCA;VACL-026;Autobuses Urbanos de Ponferrada, S.A. (AUPSA);Demanda
Sanchotello - Béjar;SALAMANCA;VACL-026;Autobuses Urbanos de Ponferrada, S.A. (AUPSA);Demanda
Armenteros - Guijuelo;SALAMANCA;AECL-065;Cespedosa Bus, S.L.;Demanda
Fresnedoso - Guijuelo;SALAMANCA;VACL-026;Autobuses Urbanos de Ponferrada, S.A. (AUPSA);Demanda
Galinduste - Guijuelo;SALAMANCA;VACL-026;Autobuses Urbanos de Ponferrada, S.A. (AUPSA);Demanda
Guijuelo - Gallegos De Solmirón;SALAMANCA;AECL-065;Cespedosa Bus, S.L.;Demanda
La Maya - Guijuelo;SALAMANCA;VACL-026;Autobuses Urbanos de Ponferrada, S.A. (AUPSA);Demanda
Tarazona De Guareña - Cantalapiedra;SALAMANCA;VACL-026;Autobuses Urbanos de Ponferrada, S.A. (AUPSA);Demanda
Gejo De Diego Gómez - Ledesma;SALAMANCA;AECL-064;Escudero Cuadrado Bus, S.L.;Demanda
Porqueriza - Ledesma;SALAMANCA;AECL-064;Escudero Cuadrado Bus, S.L.;Demanda
Villasdardo - Ledesma;SALAMANCA;AECL-064;Escudero Cuadrado Bus, S.L.;Demanda
Bermellar - Lumbrales;SALAMANCA;AECL-061;José Sánchez Diego, S.L.;Demanda
Fuenteliante - Lumbrales;SALAMANCA;AECL-063;Empresa de Automóviles El Pilar, S.A.;Demanda
Bermellar - Lumbrales (L, X Y V);SALAMANCA;AECL-061;José Sánchez Diego, S.L.;Demanda
Alconada Villoria;SALAMANCA;VACL-026;Autobuses Urbanos de Ponferrada, S.A. (AUPSA);Demanda
Cantalpino - Villoria;SALAMANCA;VACL-026;Autobuses Urbanos de Ponferrada, S.A. (AUPSA);Demanda
Villafuerte - Villoria;SALAMANCA;VACL-026;Autobuses Urbanos de Ponferrada, S.A. (AUPSA);Demanda
Boada - Vitigudino;SALAMANCA;AECL-066;Autocares Hermanos Martin Martín, S.L.;Demanda
Aldehuela De La Bóveda - La Fuente De San Esteban;SALAMANCA;VACL-028;Autocares Hermanos Martín Martin, S.L.;Demanda
Galleguillos - Macotera;SALAMANCA;VACL-026;Autobuses Urbanos de Ponferrada, S.A. (AUPSA);Demanda
Muñoz - La Fuente De San Esteban;SALAMANCA;VACL-028;Autocares Hermanos Martín Martín, S.L.;Demanda
Pelarrodriguez - La Fuente De San Esteban;SALAMANCA;VACL-028;Autocares Hermanos Martín Martín, S.L.;Demanda
Pelayos - Galinduste;SALAMANCA;AECL-067;Cespedosa Bus, S.L.;Demanda
Alconada De Maderuelo - Riaza;SEGOVIA;AECL-080;Autocares Víctor Bayo, S.L.;Regular
Aldenueva Del Monte - Riaza;SEGOVIA;AECL-080;Autocares Víctor Bayo, S.L.;Regular
Valleruela De Sepúlveda - Segovia;SEGOVIA;VACL-119;Linecar, S.A.;Regular
Villaverde De Íscar - Cuéllar;SEGOVIA;VACL-120;Linecar, S.A.;Regular
Fuente El Olmo De Íscar - Cuellar;SEGOVIA;VACL-120;Linecar, S.A.;Regular
El Olmo - Cuéllar;SEGOVIA;VACL-120;Linecar, S.A.;Regular
Cuevas De Provanco - Cuéllar;SEGOVIA;VACL-121;Linecar, S.A.;Regular
Sacramenia - Segovia;SEGOVIA;VACL-121;Linecar, S.A.;Regular
Fuentepiñel - Segovia;SEGOVIA;VACL-121;Linecar, S.A.;Regular
Fuentidueña - Cuéllar;SEGOVIA;VACL-121;Linecar, S.A.;Regular
Santa María La Real De Nieva - Segovia;SEGOVIA;VACL-122;Linecar, S.A.;Regular
Martín Muñoz De Las Posadas - Segovia;SEGOVIA;VACL-123;Linecar, S.A.;Regular
Segovia - Santiuste De San Juan Bautista;SEGOVIA;VACL-123;Linecar, S.A.;Regular
Segovia - Arévalo, Por Coca;SEGOVIA;VACL-123;Linecar, S.A.;Regular
Segovia - Arévalo, Por Navas De Oro;SEGOVIA;VACL-123;Linecar, S.A.;Regular
Aguilafuente - Segovia;SEGOVIA;VACL-132;Linecar, S.A.;Regular
Zarzuela Del Pinar - Segovia;SEGOVIA;VACL-121;Linecar, S.A.;Regular
Narros De Cuéllar - Segovia;SEGOVIA;VACL-123;Linecar, S.A.;Regular
Navas De Oro - Segovia;SEGOVIA;VACL-123;Linecar, S.A.;Regular
Segovia - Nava De La Asunción;SEGOVIA;VACL-123;Linecar, S.A.;Regular
Hoyuelos - Segovia;SEGOVIA;VACL-123;Linecar, S.A.;Regular
Lastras De Cuéllar - Carbonero;SEGOVIA;VACL-132;Linecar, S.A.;Demanda
Pinarnegrillo - Carbonero;SEGOVIA;VACL-132;Linecar, S.A.;Demanda
Yanguas De Eresma - Carbonero;SEGOVIA;VACL-132;Linecar, S.A.;Demanda
Zarzuela Del Pinar - Carbonero;SEGOVIA;VACL-132;Linecar, S.A.;Demanda
Aldeasaz - Cantalejo;SEGOVIA;VACL-119;Linecar, S.A.;Demanda
Aldeasaz - Turégano;SEGOVIA;VACL-119;Linecar, S.A.;Demanda
Arevalillo - Turégano;SEGOVIA;VACL-119;Linecar, S.A.;Demanda
Frumales - Cuéllar;SEGOVIA;VACL-121;Linecar, S.A.;Demanda
Gomezserracín - Cuéllar;SEGOVIA;VACL-120;Linecar, S.A.;Demanda
Lastras De Cuéllar - Cuéllar;SEGOVIA;VACL-121;Linecar, S.A.;Demanda
Navas De Oro - Cuéllar;SEGOVIA;VACL-123;Linecar, S.A.;Demanda
Íscar - San Cristóbal De Cuéllar;SEGOVIA;VACL-057;Empresa Cabrero, S.A.;Demanda
Aldehuela Del Codonal - Nava De La Asunción;SEGOVIA;VACL-123;Linecar, S.A.;Demanda
Fuente De Santa Cruz - Nava De La Asunción;SEGOVIA;VACL-123;Linecar, S.A.;Demanda
Jemenuño - Nava De La Asunción;SEGOVIA;VACL-123;Linecar, S.A.;Demanda
Jemenuño - Santa María La Real De Nieva;SEGOVIA;VACL-123;Linecar, S.A.;Demanda
Juarros De Voltoya - Santa María La Real De Nieva;SEGOVIA;VACL-123;Linecar, S.A.;Demanda
Melque De Cercos - Nava De La Asunción;SEGOVIA;VACL-123;Linecar, S.A.;Demanda
Miguel Ibáñez - Nava De La Asunción;SEGOVIA;VACL-123;Linecar, S.A.;Demanda
Navas De Oro - Nava De La Asunción;SEGOVIA;VACL-123;Linecar, S.A.;Demanda
Paradinas Santa María La Real De Nieva;SEGOVIA;VACL-123;Linecar, S.A.;Demanda
Santa María La Real De Nieva - Ortigosa De Pestaño;SEGOVIA;VACL-123;Linecar, S.A.;Demanda
Tabladillo Nava De La Asunción;SEGOVIA;VACL-123;Linecar, S.A.;Demanda
Villeguillo - Nava De La Asunción;SEGOVIA;VACL-123;Linecar, S.A.;Demanda
Villoslada Santa María La Real De Nieva;SEGOVIA;VACL-123;Linecar, S.A.;Demanda
Maderuelo - Riaza;SEGOVIA;AECL-080;Autocares Víctor Bayo, S.L.;Demanda
Moral De Hornuez - Riaza;SEGOVIA;AECL-080;Autocares Víctor Bayo, S.L.;Demanda
Sequera De Fresno - Riaza;SEGOVIA;AECL-080;Autocares Victor Bayo, S.L.;Demanda
Cuevas De Provanco - Sacramenia;SEGOVIA;VACL-121;Linecar, S.A.;Demanda
Laguna De Contreras - Sacramenia;SEGOVIA;VACL-121;Linecar, S.A.;Demanda
Valladolid - Ágreda;VALLADOLID;VACL-038;Linecar, S.A.;Regular
Ávila - Valladolid;VALLADOLID;VACL-038;Linecar, S.A.;Regular
Valladolid - Benavente, Por Castromonte;VALLADOLID;VACL-038;Linecar, S.A.;Regular
Benavente - Valladolid, Por Villalpando;VALLADOLID;VACL-038;Linecar, S.A.;Regular
Benavente - Valladolid, Por Becilla De Valderaduey;VALLADOLID;VACL-038;Linecar, S.A.;Regular
Benavente - Rioseco Valladolid;VALLADOLID;VACL-038;Linecar, S.A.;Regular
Navas De Oro - Valladolid;VALLADOLID;VACL-038;Linecar, S.A.;Regular
San Pedro De Latarce - Valladolid;VALLADOLID;VACL-038;Linecar, S.A.;Regular
Peñaflor De Hornija - Torrelobatón - Valladolid;VALLADOLID;VACL-038;Linecar, S.A.;Regular
Villalán - Ceinos De Campos - Medina De Rioseco;VALLADOLID;VACL-038;Linecar, S.A.;Regular
Cotanes Del Monte - Medina De Rioseco;VALLADOLID;VACL-038;Linecar, S.A.;Regular
Valladolid - La Mudarra - Castromonte - Cotanes Del Monte;VALLADOLID;VACL-038;Linecar, S.A.;Regular
Villamañán - Valladolid;VALLADOLID;VACL-038;Linecar, S.A.;Regular
Villamañán - Mayorga;VALLADOLID;VACL-038;Linecar, S.A.;Regular
Valladolid - Sahagún;VALLADOLID;VACL-038;Linecar, S.A.;Regular
Valladolid - Fontihoyuelo;VALLADOLID;VACL-038;Linecar, S.A.;Regular
Valladolid Guardo;VALLADOLID;VACL-038;Linecar, S.A.;Regular
Valladolid Villalón;VALLADOLID;VACL-038;Linecar, S.A.;Regular
Medina De Rioseco - Bustillo De Chaves;VALLADOLID;VACL-038;Linecar, S.A.;Regular
Castromonte - Medina De Rioseco;VALLADOLID;VACL-038;Linecar, S.A.;Regular
Medina De Rioseco - Valladolid;VALLADOLID;VACL-038;Linecar, S.A.;Regular
Medina De Rioseco - Villarramiel;VALLADOLID;VACL-038;Linecar, S.A.;Regular
Valdenebro De Los Valles - Medina De Rioseco;VALLADOLID;VACL-038;Linecar, S.A.;Regular
Valladolid - León, Por Valencia De Don Juan;VALLADOLID;VACL-096;Autocares Castilla y León, S.A.U.;Regular
Astorga - Valladolid;VALLADOLID;VACL-096;Autocares Castilla y León, S.A.U.;Regular
León - Valladolid, Por Mansilla De Las Mulas;VALLADOLID;VACL-096;Autocares Castilla y León, S.A.U.;Regular
Fuentesaúco - Medina Del Campo;VALLADOLID;VACL-157;Pescador Tours, S.L.;Regular
Alaejos - Medina Del Campo;VALLADOLID;VACL-157;Pescador Tours, S.L.;Regular
Villardefrades - Medina De Rioseco;VALLADOLID;VACL-038;Linecar, S.A.;Regular
Urueña - Medina De Rioseco;VALLADOLID;VACL-038;Linecar, S.A.;Regular
Mayorga - Medina De Rioseco - Valladolid;VALLADOLID;VACL-038;Linecar, S.A.;Regular
Medina Del Campo - Nava Del Rey - Medina Del Campo;VALLADOLID;VACL-157;Pescador Tours, S.L.;Regular
Urueña - Valladolid;VALLADOLID;VACL-038;Linecar, S.A.;Regular
Villalón De Campos - Medina De Rioseco;VALLADOLID;VACL-038;Linecar, S.A.;Regular
Alaejos - Villafranca De Duero;VALLADOLID;VACL-157;Pescador Tours, S.L.;Demanda
Torrecilla De La Orden - Alaejos;VALLADOLID;VACL-157;Pescador Tours, S.L.;Demanda
Villafranca De Duero - Medina Del Campo (Domingos);VALLADOLID;VACL-157;Pescador Tours, S.L.;Demanda
Villafranca De Duero - Medina Del Campo;VALLADOLID;VACL-157;Pescador Tours, S.L.;Demanda
Mayorga - Castrobol;VALLADOLID;VACL-038;Linecar, S.A.;Demanda
Mayorga - Melgar De Arriba;VALLADOLID;VACL-038;Linecar, S.A.;Demanda
Valdemorilla - Mayorga;VALLADOLID;VACL-038;Linecar, S.A.;Demanda
Valdunquillo - Mayorga;VALLADOLID;VACL-038;Linecar, S.A.;Demanda
Villalán De Campos - Mayorga;VALLADOLID;VACL-038;Linecar, S.A.;Demanda
Villalba De La Loma - Mayorga;VALLADOLID;VACL-038;Linecar, S.A.;Demanda
La Santa Espina - Medina De Rioseco;VALLADOLID;VACL-038;Linecar, S.A.;Demanda
Medina De Rioseco - Moral De La Reina;VALLADOLID;VACL-038;Linecar, S.A.;Demanda
Medina De Rioseco - Villalba De Los Alcores (X);VALLADOLID;VACL-038;Linecar, S.A.;Demanda
Tamariz De Campos - Medina De Rioseco;VALLADOLID;VACL-038;Linecar, S.A.;Demanda
Valdenebro De Los Valles - Medina De Rioseco;VALLADOLID;VACL-038;Linecar, S.A.;Demanda
Villalba De Los Alcores - Medina De Rioseco;VALLADOLID;VACL-038;Linecar, S.A.;Demanda
Villanueva De San Mancio - Medina De Rioseco;VALLADOLID;VACL-038;Linecar, S.A.;Demanda
Barco de Avila-Avila;AVILA;VACL-149;Muñoz travel, S.L.;Regular
Avila-Salamanca;VALLADOLID;VACL-052;Auto Res SL;Regular
Bermellar-Lumbrales;SALAMANCA;AECL-061;José Sanchez Diego S.L;Demanda
Villavellid - Mota del Marqués;VALLADOLID;VACL-038;Linecar, S.A.;Demanda
Oco - Muñana;ÁVILA;VACL-162;Compañía Europea de Viajeros España, S.A. (Cevesa);Demanda
Salobrejo - Muñana;ÁVILA;VACL-162;Compañía Europea de Viajeros España, S.A. (Cevesa);Demanda
Vadillo de la Sierra - Ávila;ÁVILA;VACL-162;Compañía Europea de Viajeros España, S.A. (Cevesa);Demanda
Vadillo de la Sierra - Muñana;ÁVILA;VACL-162;Compañía Europea de Viajeros España, S.A. (Cevesa);Demanda
Villanueva del Campillo - Ávila;ÁVILA;VACL-162;Compañía Europea de Viajeros España, S.A. (Cevesa);Demanda
Villanueva del Campillo - Muñana;ÁVILA;VACL-162;Compañía Europea de Viajeros España, S.A. (Cevesa);Demanda
Castroserna de Arriba - Navafría;SEGOVIA;VACL-124;Linecar, S.A.;Demanda
Gallegos - Navafría;SEGOVIA;VACL-124;Linecar, S.A.;Demanda
Orejanilla - Navafría;SEGOVIA;VACL-124;Linecar, S.A.;Demanda
Pajares de Pedraza - Navafría;SEGOVIA;VACL-124;Linecar, S.A.;Demanda
Rosuero - Navafría;SEGOVIA;VACL-124;Linecar, S.A.;Demanda
Tenzuela - Navafría;SEGOVIA;VACL-124;Linecar, S.A.;Demanda
Alcazarén - Olmedo;VALLADOLID;VACL-057;Empresa Cabrero, S.A.;Demanda
Puras - Medina del Campo;VALLADOLID;VACL-057;Empresa Cabrero, S.A.;Demanda
Ramiro - Olmedo;VALLADOLID;VACL-057;Empresa Cabrero, S.A.;Demanda
Bárcena de Campos - Osorno;PALENCIA;VACL-111;Estébanez Aja, S.A.;Demanda
San Cristóbal de Boedo Osorno;PALENCIA;VACL-111;Estébanez Aja, S.A.;Demanda
Cuevas de Provanco - Peñafiel;VALLADOLID;VACL-040;Autocares de las Heras, S.L.;Demanda
Langayo - Peñafiel;VALLADOLID;VACL-040;Autocares de las Heras, S.L.;Demanda
Valbuena de Duero - Peñafiel;VALLADOLID;VACL-040;Autocares de las Heras, S.L.;Demanda
Granja Capea - Garrido Norte;SALAMANCA;VACL-046;Transportes La Armuña, S.L.;Demanda
Barrio - Piedrahita;ÁVILA;VACL-162;Compañía Europea de Viajeros España, S.A. (Cevesa);Demanda
Cabezas - Piedrahita;ÁVILA;VACL-162;Compañía Europea de Viajeros España, S.A. (Cevesa);Demanda
Garganta - Piedrahita;ÁVILA;VACL-162;Compañía Europea de Viajeros España, S.A. (Cevesa);Demanda
Mirón - Piedrahita;ÁVILA;VACL-162;Compañía Europea de Viajeros España, S.A. (Cevesa);Demanda
Navamuñana - Piedrahita;ÁVILA;VACL-162;Compañía Europea de Viajeros España, S.A. (Cevesa);Demanda
Nogal - Piedrahita;ÁVILA;VACL-162;Compañía Europea de Viajeros España, S.A. (Cevesa);Demanda
Pajarejos - Piedrahita;ÁVILA;VACL-162;Compañía Europea de Viajeros España, S.A. (Cevesa);Demanda
Pesquera - Piedrahita;ÁVILA;VACL-073;Viamar Autocares, S.L.U.;Demanda
Villar - Piedrahita;ÁVILA;VACL-073;Viamar Autocares, S.L.U.;Demanda
Fresnedo - Ponferrada;LEÓN;VACL-108;Autos Pelines, S.A.;Demanda
Aldeamayor de San Martín - Arrabal de Portillo;VALLADOLID;VACL-057;Empresa Cabrero, S.A.;Demanda
Urb. Los Arcos-Delfín Verde - Arrabal de Portillo;VALLADOLID;VACL-057;Empresa Cabrero, S.A.;Demanda
Gusandanos - Puebla de Sanabria;ZAMORA;VACL-137;Autocares Julio Fernández, S.L.;Demanda
Villalverde de Justel - Puebla de Sanabria;ZAMORA;VACL-137;Autocares Julio Fernández, S.L.;Demanda
Cuevas de Ayllón - Ayllón;SEGOVIA;TR-016;José Mario Nieto López;Demanda
Estebanvela - Riaza;SEGOVIA;VACL-124;Linecar, S.A.;Demanda
Grado del Pico - Riaza;SEGOVIA;VACL-124;Linecar, S.A.;Demanda
La Pinilla Riaza;SEGOVIA;VACL-124;Linecar, S.A.;Demanda
Languilla - Riaza;SEGOVIA;VACL-124;Linecar, S.A.;Demanda
Mansilla - Riaza;SEGOVIA;VACL-124;Linecar, S.A.;Demanda
Caserío de San José - Sacramenia;SEGOVIA;VACL-125;Linecar, S.A.;Demanda
Castrojimeno - Sacramenia;SEGOVIA;VACL-125;Linecar, S.A.;Demanda
Baños de la Peña - Saldaña;PALENCIA;VACL-111;Estébanez Aja, S.A.;Demanda
Congosto de Valdavia - Saldaña;PALENCIA;AECL-054;Estébanez Aja, S.A.;Demanda
Tabanera de Valdavia - Saldaña;PALENCIA;AECL-054;Estébanez Aja, S.A.;Demanda
Pedro - San Esteban de Gormaz;SORIA;VACL-147;Autocares de las Heras, S.L.;Demanda
Santervás - San Esteban de Gormaz;SORIA;AECL-088;Hijos de Ángel Arribas, S.L.U.;Demanda
Valderromán - San Esteban de Gormaz;SORIA;VACL-147;Autocares de las Heras, S.L.;Demanda
Espeja de San Marcelino - San Leonardo de Yagüe;SORIA;AECL-091;Hijos de Ángel Arribas, S.L.U.;Demanda
Espejón - San Leonardo de Yagüe;SORIA;AECL-083;Hijos de Ángel Arribas, S.L.U.;Demanda
Navas del Pinar - San Leonardo de Yagüe;SORIA;AECL-083;Hijos de Ángel Arribas, S.L.U.;Demanda
Cabizuela - San Pedro del Arroyo;ÁVILA;VACL-066;Navatour, S.L.;Demanda
Narros de Saldueña - San Pedro del Arroyo;ÁVILA;VACL-066;Navatour, S.L.;Demanda
Villaverde-Bularros - San Pedro del Arroyo;ÁVILA;AECL-002;Navatour, S.L.;Demanda
Viñegra de Moraña - San Pedro del Arroyo;ÁVILA;AECL-002;Navatour, S.L.;Demanda
Magaña - San Pedro Manrique;SORIA;AECL-089;Jesús Monge Álvarez;Demanda
San Pedro Manrique - San Andrés de San Pedro;SORIA;AECL-089;Jesús Monge Álvarez;Demanda
Valdenegrillos - San Pedro Manrique;SORIA;AECL-089;Jesús Monge Álvarez;Demanda
Valdeprado - San Pedro Manrique;SORIA;AECL-089;Jesús Monge Álvarez;Demanda
Ahedo de Butrón - Burgos;BURGOS;VACL-001;Autocares Castilla y León, S.A.U.;Demanda
Ahedo de Butrón - Sedano;BURGOS;VACL-001;Autocares Castilla y León, S.A.U.;Demanda
Moradillo del Castillo - Burgos;BURGOS;VACL-001;Autocares Castilla y León, S.A.U.;Demanda
Moradillo del Castillo - Sedano;BURGOS;VACL-001;Autocares Castilla y León, S.A.U.;Demanda
Nocedo Sedano;BURGOS;VACL-001;Autocares Castilla y León, S.A.U.;Demanda
Quintanaloma - Sedano;BURGOS;VACL-001;Autocares Castilla y León, S.A.U.;Demanda
San Andrés de Montearados - Sedano;BURGOS;VACL-001;Autocares Castilla y León, S.A.U.;Demanda
Tudanca - Burgos;BURGOS;VACL-001;Autocares Castilla y León, S.A.U.;Demanda
Tudanca Sedano;BURGOS;VACL-001;Autocares Castilla y León, S.A.U.;Demanda
Castroserna de Abajo - Sepúlveda;SEGOVIA;VACL-125;Linecar, S.A.;Demanda
Castroserracín - Sepúlveda;SEGOVIA;VACL-125;Linecar, S.A.;Demanda
Hinojosas del Cerro - Sepúlveda;SEGOVIA;VACL-125;Linecar, S.A.;Demanda
Monte de los Cortos - Sepúlveda;SEGOVIA;VACL-125;Linecar, S.A.;Demanda
Tejadilla - Sepúlveda;SEGOVIA;VACL-125;Linecar, S.A.;Demanda
Ventosilla Sepúlveda;SEGOVIA;VACL-125;Linecar, S.A.;Demanda
El Espino - Soria;SORIA;AECL-085;Serafín Saínz Ruíz;Demanda
Fuentetoba - Soria;SORIA;AECL-094;Automóviles La Serrana, S.L.;Demanda
La Losilla Soria;SORIA;AECL-085;Serafín Saínz Ruíz;Demanda
Omeñaca - Soria;SORIA;VACL-155;Sanz Tierno Autocares, S.L.;Demanda
Ribarroya - Soria;SORIA;VACL-155;Sanz Tierno Autocares, S.L.;Demanda
Villar del Campo - Soria;SORIA;AECL-085;Serafín Saínz Ruíz;Demanda
Casillas - Sotillo de la Adrada;ÁVILA;TR-002;Francisco Martin Martín;Demanda
Milla de Tera - Camarzana de Tera;ZAMORA;VACL-137;Autocares Julio Fernández, S.L.;Demanda
Olleros de Tera - Camarzana de Tera;ZAMORA;VACL-137;Autocares Julio Fernández, S.L.;Demanda
Pardamaza - Toreno;LEÓN;VACL-108;Autos Pelines, S.A.;Demanda
Pradilla Toreno;LEÓN;VACL-108;Autos Pelines, S.A.;Demanda
Santa Marina del Sil - Toreno;LEÓN;VACL-108;Autos Pelines, S.A.;Demanda
Toreno - Berlanga del Bierzo;LEÓN;VACL-108;Autos Pelines, S.A.;Demanda
Villar de las Traviesas - Toreno;LEÓN;VACL-108;Autos Pelines, S.A.;Demanda
Vega-Sicilia - Tudela de Duero;VALLADOLID;VACL-040;Autocares de las Heras, S.L.;Demanda
Villavaquerín - Tudela de Duero;VALLADOLID;VACL-040;Autocares de las Heras, S.L.;Demanda
Angulo - Villasana de Mena;BURGOS;VACL-001;Autocares Castilla y León, S.A.U.;Demanda
Ayega - Villarcayo;BURGOS;VACL-001;Autocares Castilla y León, S.A.U.;Demanda
Ayega - Villasana de Mena;BURGOS;VACL-001;Autocares Castilla y León, S.A.U.;Demanda
Campillo - Villasana de Mena;BURGOS;VACL-001;Autocares Castilla y León, S.A.U.;Demanda
Carrasquedo - Villarcayo;BURGOS;VACL-001;Autocares Castilla y León, S.A.U.;Demanda
Leciñana - Villasana de Mena;BURGOS;VACL-001;Autocares Castilla y León, S.A.U.;Demanda
Nava de Ordunte - Villasana de Mena;BURGOS;VACL-001;Autocares Castilla y León, S.A.U.;Demanda
Ventades - Villarcayo;BURGOS;VACL-001;Autocares Castilla y León, S.A.U.;Demanda
Cabañas de Virtus - Soncillo;BURGOS;VACL-001;Autocares Castilla y León, S.A.U.;Demanda
Castrillo de Bezana - Soncillo;BURGOS;VACL-001;Autocares Castilla y León, S.A.U.;Demanda
Cubillos del Rojo - Soncillo;BURGOS;VACL-001;Autocares Castilla y León, S.A.U.;Demanda
Herbosa - Villarcayo;BURGOS;VACL-001;Autocares Castilla y León, S.A.U.;Demanda
Herbosa - Soncillo;BURGOS;VACL-001;Autocares Castilla y León, S.A.U.;Demanda
Landraves - Soncillo;BURGOS;VACL-001;Autocares Castilla y León, S.A.U.;Demanda
Linares - Soncillo;BURGOS;VACL-001;Autocares Castilla y León, S.A.U.;Demanda
Presillas - Soncillo;BURGOS;VACL-001;Autocares Castilla y León, S.A.U.;Demanda
Presillas - Villarcayo;BURGOS;VACL-001;Autocares Castilla y León, S.A.U.;Demanda
Robredo de las Pueblas - Soncillo;BURGOS;VACL-001;Autocares Castilla y León, S.A.U.;Demanda
Robredo de las Pueblas - Villarcayo;BURGOS;VACL-001;Autocares Castilla y León, S.A.U.;Demanda
Villabáscones de Bezana - Soncillo;BURGOS;VACL-001;Autocares Castilla y León, S.A.U.;Demanda
Arrabalde - Santibáñez;ZAMORA;VACL-137;Autocares Julio Fernández, S.L.;Demanda
Cubo Santibáñez;ZAMORA;VACL-137;Autocares Julio Fernández, S.L.;Demanda
Cunquilla - Santibáñez;ZAMORA;VACL-137;Autocares Julio Fernández, S.L.;Demanda
Rionegro - Santibáñez;ZAMORA;VACL-137;Autocares Julio Fernández, S.L.;Demanda
Aguilar de Campos - Medina de Rioseco;VALLADOLID;VACL-038;Linecar, S.A.;Demanda
Bolaños de Campos - Medina de Rioseco;VALLADOLID;VACL-038;Linecar, S.A.;Demanda
Bolaños de Campos - Villafrechós;VALLADOLID;VACL-038;Linecar, S.A.;Demanda
Palazuelo de Vedija - Villafrechós;VALLADOLID;VACL-038;Linecar, S.A.;Demanda
Pozuelo de la Orden - Medina de Rioseco;VALLADOLID;VACL-038;Linecar, S.A.;Demanda
Pozuelo de la Orden - Villafrechós;VALLADOLID;VACL-038;Linecar, S.A.;Demanda
Santa Eufemia del Arroyo - Villafrechós;VALLADOLID;VACL-038;Linecar, S.A.;Demanda
Villanueva de los Caballeros - Villafrechós;VALLADOLID;VACL-038;Linecar, S.A.;Demanda
Ceínos de Campos - Villalón de Campos;VALLADOLID;VACL-038;Linecar, S.A.;Demanda
Santervás de Campos - Villalón de Campos;VALLADOLID;VACL-038;Linecar, S.A.;Demanda
Villabaruz - Villalón de Campos;VALLADOLID;VACL-038;Linecar, S.A.;Demanda
Villalón de Campos - Villacid de Campos;VALLADOLID;VACL-038;Linecar, S.A.;Demanda
Zorita de la Loma - Villalón de Campos;VALLADOLID;VACL-038;Linecar, S.A.;Demanda
Villalón de Campos - Bustillo de Chaves;VALLADOLID;VACL-038;Linecar, S.A.;Demanda
Condado - Villarcayo;BURGOS;VACL-001;Autocares Castilla y León, S.A.U.;Demanda
Crespos - Villarcayo;BURGOS;VACL-001;Autocares Castilla y León, S.A.U.;Demanda
Fresnedo - Villarcayo;BURGOS;VACL-001;Autocares Castilla y León, S.A.U.;Demanda
Villarino - Vitigudino;SALAMANCA;VACL-018;Ancebus, S.L.U.;Demanda
Castrodeza - Zaratán;VALLADOLID;VACL-038;Linecar, S.A.;Demanda
Peñaflor de Hornija - Zaratán;VALLADOLID;VACL-038;Linecar, S.A.;Demanda
Boeza Bembibre;LEÓN;VACL-092;Autocares Castilla y León, S.A.U.;Demanda
Campo Martín Moro - Bembibre;LEÓN;VACL-092;Autocares Castilla y León, S.A.U.;Demanda
Espina de Tremor - Tremor de Arriba;LEÓN;VACL-092;Autocares Castilla y León, S.A.U.;Demanda
Lugueros - La Vecilla de Curueño;LEÓN;VACL-100;Torobus 2030, S.L.U.;Demanda
Rodrigatos de las Regueras - Tremor de Arriba;LEÓN;VACL-092;Autocares Castilla y León, S.A.U.;Demanda
Tremor de Arriba - Bembibre;LEÓN;VACL-092;Autocares Castilla y León, S.A.U.;Demanda
Castrillo de Don Juan - Baltanás;PALENCIA;VACL-106;Autocares Antolín, S.L.;Demanda
Guaza de Campos - Villarramiel;PALENCIA;VACL-104;Hijos de Cristóbal Pobes, S.L.;Demanda
Mazuecos de Valdeginate - Palencia;PALENCIA;VACL-104;Hijos de Cristóbal Pobes, S.L.;Demanda
Cipérez - Aldehuela de la Bóveda;SALAMANCA;VACL-061;Autocares J. Cristeto, S.L.;Demanda
El Maillo - Tamames;SALAMANCA;VACL-061;Autocares J. Cristeto, S.L.;Demanda
El Tornadizo - Linares de Riofrío (Martes);SALAMANCA;AECL-073;Viamar Autocares, S.L.U.;Demanda
La Tala - Armenteros;SALAMANCA;AECL-068;Cespedosa Bus, S.L.;Demanda
Revalvos - Armenteros;SALAMANCA;AECL-068;Cespedosa Bus, S.L.;Demanda
Valdelosa Cruce Ctra. N-630;SALAMANCA;VACL-014;Zamora - Salamanca, S.A.;Demanda
Valero - Linares de Riofrio (Lunes);SALAMANCA;AECL-073;Viamar Autocares, S.L.U.;Demanda
Valero - Linares de Riofrío (Viernes);SALAMANCA;AECL-073;Viamar Autocares, S.L.U.;Demanda
Vecinos - Matilla de los Caños del Río;SALAMANCA;VACL-061;Autocares J. Cristeto, S.L.;Demanda
Fuente Olmedo - Alcazarén;VALLADOLID;VACL-057;Empresa Cabrero, S.A.;Demanda
Hornillos de Eresma - Alcazarén;VALLADOLID;VACL-057;Empresa Cabrero, S.A.;Demanda
Valleluengo - Benavente;ZAMORA;VACL-137;Autocares Julio Fernández, S.L.;Demanda